Gene,Epithelial,Mesothelial,Fibroblasts,Endothelial,T/NK,B cells,Macrophage,DC,Plasma cells,Mast,Other
KRT8,1,1,0,0,0,0,0,0,0,0,0
KRT18,1,1,0,0,0,0,0,0,0,0,0
KRT19,1,1,0,0,0,0,0,0,0,0,0
WT1,1,0,0,0,0,0,0,0,0,0,0
PAX8,1,0,0,0,0,0,0,0,0,0,0
EPCAM,1,0,0,0,0,0,0,0,0,0,0
MSLN,1,1,0,0,0,0,0,0,0,0,0
LRRN4,0,1,0,0,0,0,0,0,0,0,0
UPK3B,0,1,0,0,0,0,0,0,0,0,0
DES,0,1,0,0,0,0,0,0,0,0,0
COL1A1,0,0,1,0,0,0,0,0,0,0,0
COL1A2,0,0,1,0,0,0,0,0,0,0,0
DCN,0,0,1,0,0,0,0,0,0,0,0
PDGFRA,0,0,1,0,0,0,0,0,0,0,0
ACTA2,0,0,1,0,0,0,0,0,0,0,0
MYH11,0,0,1,0,0,0,0,0,0,0,0
POSTN,0,0,1,0,0,0,0,0,0,0,0
PECAM1,0,0,0,1,0,0,0,0,0,0,0
CDH5,0,0,0,1,0,0,0,0,0,0,0
CLDN5,0,0,0,1,0,0,0,0,0,0,0
VWF,0,0,0,1,0,0,0,0,0,0,0
COL15A1,0,0,0,1,0,0,0,0,0,0,0
PTPRC,0,0,0,0,1,1,1,1,0,1,0
CD3E,0,0,0,0,1,0,0,0,0,0,0
CD3D,0,0,0,0,1,0,0,0,0,0,0
CD3G,0,0,0,0,1,0,0,0,0,0,0
CD8A,0,0,0,0,1,0,0,0,0,0,0
NKG7,0,0,0,0,1,0,0,0,0,0,0
GZMB,0,0,0,0,1,0,0,0,0,0,0
MS4A1,0,0,0,0,0,1,0,0,0,0,0
CD79A,0,0,0,0,0,1,0,0,1,0,0
CD19,0,0,0,0,0,1,0,0,0,0,0
FCGR3A,0,0,0,0,0,0,1,0,0,0,0
CD14,0,0,0,0,0,0,1,0,0,0,0
ITGAX,0,0,0,0,0,0,1,0,0,0,0
ITGAM,0,0,0,0,0,0,1,0,0,0,0
C1QA,0,0,0,0,0,0,1,0,0,0,0
C1QB,0,0,0,0,0,0,1,0,0,0,0
C1QC,0,0,0,0,0,0,1,0,0,0,0
IRF7,0,0,0,0,0,0,0,1,0,0,0
IRF8,0,0,0,0,0,0,0,1,0,0,0
CLEC4C,0,0,0,0,0,0,0,1,0,0,0
CD1C,0,0,0,0,0,0,0,1,0,0,0
CLEC9A,0,0,0,0,0,0,0,1,0,0,0
FCER1A,0,0,0,0,0,0,0,1,0,0,0
CLEC10A,0,0,0,0,0,0,0,1,0,0,0
BCL11A,0,0,0,0,0,0,0,1,0,0,0
IGHG1,0,0,0,0,0,0,0,0,1,0,0
IGHG2,0,0,0,0,0,0,0,0,1,0,0
IGKC,0,0,0,0,0,0,0,0,1,0,0
IGLC2,0,0,0,0,0,0,0,0,1,0,0
KIT,0,0,0,0,0,0,0,0,0,1,0
CPA3,0,0,0,0,0,0,0,0,0,1,0
CTSG,0,0,0,0,0,0,0,0,0,1,0